<?xml version="1.0" standalone="yes"?>
<NewDataSet>
  <xs:schema id="NewDataSet" xmlns="" xmlns:xs="http://www.w3.org/2001/XMLSchema" xmlns:msdata="urn:schemas-microsoft-com:xml-msdata">
    <xs:element name="NewDataSet" msdata:IsDataSet="true" msdata:MainDataTable="Table" msdata:UseCurrentLocale="true">
      <xs:complexType>
        <xs:choice minOccurs="0" maxOccurs="unbounded">
          <xs:element name="Table">
            <xs:complexType>
              <xs:sequence>
                <xs:element name="sip_stok_kod" type="xs:string" minOccurs="0" />
                <xs:element name="sto_isim" type="xs:string" minOccurs="0" />
                <xs:element name="sip_miktar" type="xs:double" minOccurs="0" />
                <xs:element name="KdvOrani" type="xs:int" minOccurs="0" />
                <xs:element name="BirimAd" type="xs:string" minOccurs="0" />
                <xs:element name="KdvMat" type="xs:double" minOccurs="0" />
                <xs:element name="Birim" type="xs:double" minOccurs="0" />
                <xs:element name="PROTUTAR" type="xs:double" minOccurs="0" />
                <xs:element name="sip_iskonto_1" type="xs:double" minOccurs="0" />
                <xs:element name="sip_iskonto_2" type="xs:double" minOccurs="0" />
                <xs:element name="Toplam" type="xs:double" minOccurs="0" />
                <xs:element name="isk1" type="xs:double" minOccurs="0" />
                <xs:element name="isk2" type="xs:double" minOccurs="0" />
                <xs:element name="PRKOD" type="xs:string" minOccurs="0" />
                <xs:element name="PRUNVAN" type="xs:string" minOccurs="0" />
                <xs:element name="CKKOD" type="xs:string" minOccurs="0" />
                <xs:element name="CKUNVAN" type="xs:string" minOccurs="0" />
                <xs:element name="PLASIYER" type="xs:string" minOccurs="0" />
                <xs:element name="ARABAYIADI" type="xs:string" minOccurs="0" />
                <xs:element name="sip_aciklama2" type="xs:string" minOccurs="0" />
              </xs:sequence>
            </xs:complexType>
          </xs:element>
        </xs:choice>
      </xs:complexType>
    </xs:element>
  </xs:schema>
  <Table>
    <sip_stok_kod>1000</sip_stok_kod>
    <sto_isim>HELVACIOĞLU Blokflüt Kutulu</sto_isim>
    <sip_miktar>50</sip_miktar>
    <KdvOrani>18</KdvOrani>
    <BirimAd>Adet</BirimAd>
    <KdvMat>20.25</KdvMat>
    <Birim>2.5</Birim>
    <PROTUTAR>125</PROTUTAR>
    <sip_iskonto_1>10</sip_iskonto_1>
    <sip_iskonto_2>0</sip_iskonto_2>
    <Toplam>132.75</Toplam>
    <isk1>12.5</isk1>
    <isk2>0</isk2>
    <PRKOD>PR-ERL14/9/20151135AM</PRKOD>
    <PRUNVAN>BILGI KIRT</PRUNVAN>
    <CKKOD>06001</CKKOD>
    <CKUNVAN>ERAL KIRTASİYE LTD.ŞTİ.</CKUNVAN>
    <PLASIYER>07</PLASIYER>
    <ARABAYIADI>PR-ERL14/9/20151135AM</ARABAYIADI>
    <sip_aciklama2 />
  </Table>
  <Table>
    <sip_stok_kod>YRS 23</sip_stok_kod>
    <sto_isim>YAMAHA BLOKFLÜT</sto_isim>
    <sip_miktar>25</sip_miktar>
    <KdvOrani>18</KdvOrani>
    <BirimAd>Adet</BirimAd>
    <KdvMat>44.55</KdvMat>
    <Birim>11</Birim>
    <PROTUTAR>275</PROTUTAR>
    <sip_iskonto_1>10</sip_iskonto_1>
    <sip_iskonto_2>0</sip_iskonto_2>
    <Toplam>292.05</Toplam>
    <isk1>27.5</isk1>
    <isk2>0</isk2>
    <PRKOD>PR-ERL14/9/20151135AM</PRKOD>
    <PRUNVAN>BILGI KIRT</PRUNVAN>
    <CKKOD>06001</CKKOD>
    <CKUNVAN>ERAL KIRTASİYE LTD.ŞTİ.</CKUNVAN>
    <PLASIYER>07</PLASIYER>
    <ARABAYIADI>PR-ERL14/9/20151135AM</ARABAYIADI>
    <sip_aciklama2 />
  </Table>
  <Table>
    <sip_stok_kod>2032</sip_stok_kod>
    <sto_isim>HELVACIOĞLU Melodika 32 Klavyeli</sto_isim>
    <sip_miktar>20</sip_miktar>
    <KdvOrani>18</KdvOrani>
    <BirimAd>Adet</BirimAd>
    <KdvMat>81</KdvMat>
    <Birim>25</Birim>
    <PROTUTAR>500</PROTUTAR>
    <sip_iskonto_1>10</sip_iskonto_1>
    <sip_iskonto_2>0</sip_iskonto_2>
    <Toplam>531</Toplam>
    <isk1>50</isk1>
    <isk2>0</isk2>
    <PRKOD>PR-ERL14/9/20151135AM</PRKOD>
    <PRUNVAN>BILGI KIRT</PRUNVAN>
    <CKKOD>06001</CKKOD>
    <CKUNVAN>ERAL KIRTASİYE LTD.ŞTİ.</CKUNVAN>
    <PLASIYER>07</PLASIYER>
    <ARABAYIADI>PR-ERL14/9/20151135AM</ARABAYIADI>
    <sip_aciklama2 />
  </Table>
  <Table>
    <sip_stok_kod>2032K</sip_stok_kod>
    <sto_isim>HELVACIOĞLU Melodika 32 Klavyeli BEDELSİZ</sto_isim>
    <sip_miktar>4</sip_miktar>
    <KdvOrani>18</KdvOrani>
    <BirimAd>Adet</BirimAd>
    <KdvMat>0</KdvMat>
    <Birim>0</Birim>
    <PROTUTAR>0</PROTUTAR>
    <sip_iskonto_1>0</sip_iskonto_1>
    <sip_iskonto_2>0</sip_iskonto_2>
    <Toplam>0</Toplam>
    <isk1>0</isk1>
    <isk2>0</isk2>
    <PRKOD>PR-ERL14/9/20151135AM</PRKOD>
    <PRUNVAN>BILGI KIRT</PRUNVAN>
    <CKKOD>06001</CKKOD>
    <CKUNVAN>ERAL KIRTASİYE LTD.ŞTİ.</CKUNVAN>
    <PLASIYER>07</PLASIYER>
    <ARABAYIADI>PR-ERL14/9/20151135AM</ARABAYIADI>
    <sip_aciklama2 />
  </Table>
</NewDataSet>