<?xml version="1.0" standalone="yes"?>
<NewDataSet>
  <xs:schema id="NewDataSet" xmlns="" xmlns:xs="http://www.w3.org/2001/XMLSchema" xmlns:msdata="urn:schemas-microsoft-com:xml-msdata">
    <xs:element name="NewDataSet" msdata:IsDataSet="true" msdata:MainDataTable="Table" msdata:UseCurrentLocale="true">
      <xs:complexType>
        <xs:choice minOccurs="0" maxOccurs="unbounded">
          <xs:element name="Table">
            <xs:complexType>
              <xs:sequence>
                <xs:element name="sip_stok_kod" type="xs:string" minOccurs="0" />
                <xs:element name="sto_isim" type="xs:string" minOccurs="0" />
                <xs:element name="sip_miktar" type="xs:double" minOccurs="0" />
                <xs:element name="KdvOrani" type="xs:int" minOccurs="0" />
                <xs:element name="BirimAd" type="xs:string" minOccurs="0" />
                <xs:element name="KdvMat" type="xs:double" minOccurs="0" />
                <xs:element name="Birim" type="xs:double" minOccurs="0" />
                <xs:element name="PROTUTAR" type="xs:double" minOccurs="0" />
                <xs:element name="sip_iskonto_1" type="xs:double" minOccurs="0" />
                <xs:element name="sip_iskonto_2" type="xs:double" minOccurs="0" />
                <xs:element name="Toplam" type="xs:double" minOccurs="0" />
                <xs:element name="isk1" type="xs:double" minOccurs="0" />
                <xs:element name="isk2" type="xs:double" minOccurs="0" />
                <xs:element name="PRKOD" type="xs:string" minOccurs="0" />
                <xs:element name="PRUNVAN" type="xs:string" minOccurs="0" />
                <xs:element name="CKKOD" type="xs:string" minOccurs="0" />
                <xs:element name="CKUNVAN" type="xs:string" minOccurs="0" />
                <xs:element name="PLASIYER" type="xs:string" minOccurs="0" />
                <xs:element name="ARABAYIADI" type="xs:string" minOccurs="0" />
                <xs:element name="sip_aciklama2" type="xs:string" minOccurs="0" />
              </xs:sequence>
            </xs:complexType>
          </xs:element>
        </xs:choice>
      </xs:complexType>
    </xs:element>
  </xs:schema>
  <Table>
    <sip_stok_kod>1000</sip_stok_kod>
    <sto_isim>HELVACIOĞLU Blokflüt Kutulu</sto_isim>
    <sip_miktar>100</sip_miktar>
    <KdvOrani>18</KdvOrani>
    <BirimAd>Adet</BirimAd>
    <KdvMat>48.195</KdvMat>
    <Birim>2.5</Birim>
    <PROTUTAR>250</PROTUTAR>
    <sip_iskonto_1>4</sip_iskonto_1>
    <sip_iskonto_2>0</sip_iskonto_2>
    <Toplam>315.945</Toplam>
    <isk1>12.5</isk1>
    <isk2>0</isk2>
    <PRKOD>PR-YML21/3/2006412PM</PRKOD>
    <PRUNVAN>SEFER KIRT</PRUNVAN>
    <CKKOD>06003</CKKOD>
    <CKUNVAN>YILMAZLAR KIRTASİYE LTD.ŞTİ.</CKUNVAN>
    <PLASIYER>3</PLASIYER>
    <ARABAYIADI>PR-YML21/3/2006412PM</ARABAYIADI>
    <sip_aciklama2>Adet</sip_aciklama2>
  </Table>
  <Table>
    <sip_stok_kod>T 5</sip_stok_kod>
    <sto_isim>RENKLİ BANT (30'LU SET)</sto_isim>
    <sip_miktar>1</sip_miktar>
    <KdvOrani>18</KdvOrani>
    <BirimAd>Set</BirimAd>
    <KdvMat>5.7834</KdvMat>
    <Birim>30</Birim>
    <PROTUTAR>30</PROTUTAR>
    <sip_iskonto_1>4</sip_iskonto_1>
    <sip_iskonto_2>0</sip_iskonto_2>
    <Toplam>37.9134</Toplam>
    <isk1>1.5</isk1>
    <isk2>0</isk2>
    <PRKOD>PR-YML21/3/2006412PM</PRKOD>
    <PRUNVAN>SEFER KIRT</PRUNVAN>
    <CKKOD>06003</CKKOD>
    <CKUNVAN>YILMAZLAR KIRTASİYE LTD.ŞTİ.</CKUNVAN>
    <PLASIYER>3</PLASIYER>
    <ARABAYIADI>PR-YML21/3/2006412PM</ARABAYIADI>
    <sip_aciklama2>Set</sip_aciklama2>
  </Table>
  <Table>
    <sip_stok_kod>YRS 23</sip_stok_kod>
    <sto_isim>YAMAHA BLOKFLÜT</sto_isim>
    <sip_miktar>10</sip_miktar>
    <KdvOrani>18</KdvOrani>
    <BirimAd>Adet</BirimAd>
    <KdvMat>21.2058</KdvMat>
    <Birim>11</Birim>
    <PROTUTAR>110</PROTUTAR>
    <sip_iskonto_1>4</sip_iskonto_1>
    <sip_iskonto_2>0</sip_iskonto_2>
    <Toplam>139.0158</Toplam>
    <isk1>5.5</isk1>
    <isk2>0</isk2>
    <PRKOD>PR-YML21/3/2006412PM</PRKOD>
    <PRUNVAN>SEFER KIRT</PRUNVAN>
    <CKKOD>06003</CKKOD>
    <CKUNVAN>YILMAZLAR KIRTASİYE LTD.ŞTİ.</CKUNVAN>
    <PLASIYER>3</PLASIYER>
    <ARABAYIADI>PR-YML21/3/2006412PM</ARABAYIADI>
    <sip_aciklama2>Adet</sip_aciklama2>
  </Table>
</NewDataSet>